{
  "rms_reprojection_error": 8.958921611929247,
  "per_image_reprojection_error": [
    0.8180330872658805,
    1.1523074413082988,
    0.7640717828795448,
    1.1141357442899003,
    0.9190822079945039,
    0.5474065313834441,
    1.5733157080032267,
    2.1825056767329074,
    0.9788967647132638,
    0.47581707189586026,
    0.512204677189067,
    1.4248945042303807,
    0.9183232629531536,
    2.8383869680038685,
    0.4612044715942499,
    0.4191444958387617,
    0.545142069487179
  ],
  "K": [
    [
      3275.8365202403374,
      0.0,
      1443.24926489741
    ],
    [
      0.0,
      3249.0527644285335,
      1917.8743434150078
    ],
    [
      0.0,
      0.0,
      1.0
    ]
  ],
  "dist": [
    [
      0.019158940237272805,
      -0.11327735324791827,
      0.0009285087757758497,
      -0.0024584997814221547,
      -0.10035577313340224
    ]
  ],
  "rvecs": [
    [
      -0.1302270577214433,
      -0.6213326740536448,
      -1.5733976810778993
    ],
    [
      0.40938752874510265,
      0.32376250431544606,
      -1.5455162491398662
    ],
    [
      -0.706965162303942,
      0.16767343870272283,
      -1.5163730915198803
    ],
    [
      0.2715812026912801,
      -0.6065234993231279,
      -1.4296163023832498
    ],
    [
      0.1547628308852836,
      -0.40462885902269274,
      -1.5166537185024822
    ],
    [
      -0.5324702177005611,
      0.03217019620197971,
      -1.5660891642147559
    ],
    [
      0.5187913355821342,
      0.38605825633067914,
      -1.5409798348791743
    ],
    [
      -0.40273189646625634,
      0.44680801397111825,
      -1.3744180765721514
    ],
    [
      0.05950763919521828,
      0.09466937228545505,
      -1.9381501032922575
    ],
    [
      0.08825392595129956,
      0.006499998452049066,
      -1.1115418588258952
    ],
    [
      0.10452232251248209,
      0.011721493241091705,
      -1.1054863494146587
    ],
    [
      -0.5773698435208169,
      0.20579571612072975,
      -1.5029601716434595
    ],
    [
      -0.06302139944886158,
      -0.4709317675007219,
      -1.5826466059571684
    ],
    [
      0.6913649454745274,
      -0.27852930885094407,
      -1.4593429295491065
    ],
    [
      -0.23650141631609098,
      -0.16603220942592264,
      -1.5324974702058434
    ],
    [
      -0.1520473056796391,
      -0.07535336892852705,
      -1.5567872389667137
    ],
    [
      0.008773619808206163,
      0.024045702766325092,
      -1.5875693971786007
    ]
  ],
  "tvecs": [
    [
      -0.0317260317959032,
      0.10621093257011104,
      0.26079820813449334
    ],
    [
      -0.050681146163660214,
      0.15610142794591117,
      0.39427836654781595
    ],
    [
      -0.041669333424323815,
      0.12309052124434132,
      0.32244630677472813
    ],
    [
      -0.04577930011863261,
      0.1210571099362614,
      0.2814869964220781
    ],
    [
      -0.054822591071838955,
      0.12054136619112193,
      0.26779089465189937
    ],
    [
      -0.05170552994200267,
      0.12725292418204742,
      0.29836763496179314
    ],
    [
      -0.04847212786294281,
      0.12158026952552883,
      0.41742449493689154
    ],
    [
      -0.08171392542060442,
      0.0853692969099229,
      0.3720545713167656
    ],
    [
      -0.008890942933676923,
      0.17584202666491625,
      0.3673866578869188
    ],
    [
      -0.0511890056478121,
      0.07936413714790826,
      0.31134078049952807
    ],
    [
      -0.04931239884677183,
      0.07997221489987122,
      0.3178801907586908
    ],
    [
      -0.084620714163981,
      0.09601531763171613,
      0.3235821053288982
    ],
    [
      0.017238257778220523,
      0.07431232532909574,
      0.24080451069580458
    ],
    [
      -0.04454398333367641,
      0.12180095134376719,
      0.27910931313503295
    ],
    [
      -0.046130410742040176,
      0.1221151386769271,
      0.2832350501058196
    ],
    [
      -0.04549006069840364,
      0.12127706872286514,
      0.28005916546702575
    ],
    [
      -0.04692277724159071,
      0.12685406562353205,
      0.26308149202721887
    ]
  ],
  "width": 3120,
  "height": 4160,
  "pattern_size": [
    9,
    6
  ],
  "square_size_m": 0.025,
  "used_images": [
    "/content/images/WhatsApp_Image_2025-09-02_at_5.54.29_PM.jpeg",
    "/content/images/WhatsApp_Image_2025-09-02_at_5.54.29_PM_1.jpeg",
    "/content/images/WhatsApp_Image_2025-09-02_at_5.54.29_PM_10.jpeg",
    "/content/images/WhatsApp_Image_2025-09-02_at_5.54.29_PM_11.jpeg",
    "/content/images/WhatsApp_Image_2025-09-02_at_5.54.29_PM_12.jpeg",
    "/content/images/WhatsApp_Image_2025-09-02_at_5.54.29_PM_13.jpeg",
    "/content/images/WhatsApp_Image_2025-09-02_at_5.54.29_PM_2.jpeg",
    "/content/images/WhatsApp_Image_2025-09-02_at_5.54.29_PM_3.jpeg",
    "/content/images/WhatsApp_Image_2025-09-02_at_5.54.29_PM_4.jpeg",
    "/content/images/WhatsApp_Image_2025-09-02_at_5.54.29_PM_5.jpeg",
    "/content/images/WhatsApp_Image_2025-09-02_at_5.54.29_PM_6.jpeg",
    "/content/images/WhatsApp_Image_2025-09-02_at_5.54.29_PM_7.jpeg",
    "/content/images/WhatsApp_Image_2025-09-02_at_5.54.29_PM_8.jpeg",
    "/content/images/WhatsApp_Image_2025-09-02_at_5.54.29_PM_9.jpeg",
    "/content/images/WhatsApp_Image_2025-09-02_at_5.54.30_PM.jpeg",
    "/content/images/WhatsApp_Image_2025-09-02_at_5.54.30_PM_1.jpeg",
    "/content/images/WhatsApp_Image_2025-09-02_at_5.54.30_PM_2.jpeg"
  ]
}